Communication skills,Graphic/web design,Problem solving,Artistic ability,Acting,Good with numbers,Logical thinking,Maths,Interest in fashion trends,Singing,Creative,Computer curiousity,Like electronic circuits,Good in color choice,Film-making,Leadership skills,Programming,Fixing things,Sewing,Variety in work,Career in business,Imaginative,Like electrical circuits,Interest in clothing,Creative writer,Team player,Analytical/critical thinker,Photography,Suggestion
1,1,0,1,1,1,1,1,1,1,1,1,0,1,0,1,1,1,1,1,1,1,0,1,0,1,1,1,Computer Sciences
1,1,1,1,0,1,1,0,1,0,1,1,1,1,0,1,1,1,1,1,1,1,1,1,0,1,1,1,Fashion Design
1,0,0,0,0,1,0,0,0,0,1,0,1,0,0,1,0,0,0,0,1,0,0,0,0,1,0,0,Business Studies
1,0,1,1,1,1,1,0,1,1,1,1,1,0,1,1,1,1,1,1,1,1,0,1,1,1,1,1,Media Studies
1,0,0,0,0,1,0,0,0,0,1,0,0,0,0,1,1,0,0,0,1,0,0,0,0,1,0,0,Business Studies
1,1,1,1,0,0,1,1,1,0,1,1,1,1,1,1,1,1,0,1,1,1,1,1,0,0,1,1,Engineering Studies
1,1,1,1,1,1,1,0,1,1,1,0,0,1,1,1,0,1,0,1,1,1,0,1,1,1,1,1,Business Studies
1,1,1,1,1,1,1,1,0,1,1,1,1,0,1,1,1,1,0,1,0,1,1,1,0,1,1,1,Engineering Studies
1,1,1,1,1,1,1,0,1,1,1,1,1,1,1,1,1,1,0,1,1,1,0,1,1,1,1,1,Media Studies
1,0,0,0,0,1,0,0,1,0,1,0,0,0,0,1,0,0,0,0,1,0,0,0,0,1,0,0,Business Studies
1,0,1,0,0,1,1,1,0,0,1,1,1,0,0,1,1,1,0,1,1,1,1,0,0,1,1,0,Engineering Studies
1,0,1,1,1,1,1,0,1,1,1,1,1,1,0,1,1,1,1,1,1,1,1,1,1,1,1,1,Fashion Design
0,1,0,0,0,0,1,1,0,0,0,1,0,0,0,0,1,0,0,0,0,1,0,0,0,0,0,0,Computer Sciences
1,0,0,0,0,1,0,0,0,0,0,0,0,0,0,1,0,0,0,0,1,0,0,0,0,1,0,0,Business Studies
0,0,0,1,0,0,0,0,1,0,0,0,1,1,0,0,0,0,1,0,0,0,0,1,0,0,0,0,Fashion Design
1,1,1,0,0,1,0,0,0,0,1,1,1,1,0,1,1,1,0,1,1,1,1,0,0,1,1,1,Engineering Studies
1,1,1,1,0,1,1,1,1,0,1,1,1,0,0,1,1,0,0,1,1,1,0,1,1,1,1,1,Computer Sciences
1,1,0,1,1,1,0,1,1,1,1,1,0,1,0,1,1,1,1,1,1,1,0,1,0,1,1,1,Business Studies
0,1,1,1,0,1,1,0,1,0,1,1,1,1,0,0,1,1,1,1,1,1,1,1,1,1,1,1,Engineering Studies
1,1,1,0,1,1,1,1,1,0,1,1,1,1,1,1,1,0,1,1,1,1,1,1,0,1,1,1,Business Studies
0,1,0,0,0,0,1,0,0,0,0,1,0,0,0,0,1,0,0,0,1,1,0,0,0,0,0,0,Computer Sciences
1,0,1,0,0,1,1,1,1,0,0,1,1,1,0,1,1,1,0,1,1,1,0,1,0,1,1,0,Computer Sciences
1,0,0,0,0,1,1,1,1,0,1,1,1,1,0,1,1,1,1,1,1,1,1,1,0,1,1,1,Computer Sciences
1,0,1,0,0,1,1,0,1,0,1,1,0,0,0,1,1,1,0,1,1,1,0,0,1,1,1,0,Business Studies
1,1,1,1,1,1,1,1,0,0,1,1,1,1,0,1,1,1,1,1,1,1,0,0,0,1,1,0,Business Studies
1,1,1,0,1,0,0,0,0,1,1,0,0,0,1,1,1,1,0,1,1,1,0,0,1,1,1,1,Media Studies
1,1,1,1,1,1,1,0,1,0,1,1,1,1,1,1,1,0,1,1,1,1,1,1,0,1,1,1,Fashion Design
0,0,0,1,0,0,0,0,1,0,1,0,0,1,0,0,0,0,1,0,0,0,0,1,0,0,0,0,Fashion Design
0,0,0,0,1,0,0,0,0,1,0,0,0,0,1,0,0,0,0,0,0,0,0,0,1,0,0,1,Media Studies
1,1,1,1,1,1,1,0,1,1,1,1,1,1,1,1,1,1,1,1,1,1,1,1,1,1,1,1,Fashion Design
1,1,1,1,1,1,1,1,0,1,1,1,1,1,0,0,1,1,0,1,1,1,1,1,1,1,1,1,Computer Sciences
1,0,0,1,1,0,1,0,1,1,1,1,1,1,1,1,1,0,0,1,1,1,0,1,1,1,1,1,Media Studies
1,1,1,0,0,0,1,1,1,0,1,1,0,1,0,0,1,1,0,1,1,1,0,1,0,1,0,1,Computer Sciences
1,1,0,1,1,1,1,0,1,1,1,1,1,1,1,1,1,1,1,1,0,1,0,1,0,1,1,1,Fashion Design
0,0,0,1,0,0,0,0,1,0,0,0,0,1,0,0,0,0,1,0,0,0,0,1,1,0,0,0,Fashion Design
1,1,0,0,0,1,0,0,1,0,1,1,1,1,0,1,1,0,0,1,1,0,0,0,0,1,1,0,Business Studies
0,0,0,1,0,0,0,0,1,0,0,0,0,1,0,0,1,0,1,0,0,0,0,1,0,0,0,0,Fashion Design
1,1,1,0,0,0,0,1,0,1,1,1,1,0,1,1,1,1,0,1,1,1,1,1,0,1,1,1,Engineering Studies
1,0,1,1,1,1,1,1,1,1,1,1,1,1,1,1,1,1,1,1,1,1,1,1,1,1,1,1,Computer Sciences
0,0,0,0,1,0,0,0,0,1,0,0,0,0,1,1,0,0,0,1,0,0,0,0,1,0,0,1,Media Studies
0,0,0,0,1,0,0,0,0,1,0,1,0,0,1,0,0,0,0,1,0,0,0,0,1,0,0,1,Media Studies
1,1,1,1,1,1,1,0,1,1,1,1,1,1,1,1,1,1,0,1,1,1,0,1,1,1,1,1,Media Studies
0,1,0,0,0,0,1,0,0,0,0,1,0,0,0,0,1,0,0,0,0,1,0,1,0,0,0,0,Computer Sciences
0,0,1,0,0,0,0,1,0,0,0,0,1,0,0,0,0,1,0,0,0,0,1,0,0,0,1,0,Engineering Studies
1,1,1,1,1,1,1,1,1,1,1,1,1,1,0,1,1,1,1,1,1,1,1,1,0,0,1,1,Engineering Studies
0,0,0,0,1,0,0,0,0,1,0,0,0,0,1,0,0,0,0,1,0,0,0,0,1,0,0,1,Media Studies
1,1,1,1,0,0,1,0,1,0,1,1,1,1,0,1,1,1,1,1,1,0,1,1,0,1,1,1,Fashion Design
1,0,1,0,0,1,1,1,0,0,1,1,1,1,0,1,0,1,0,1,1,1,0,0,0,1,1,1,Business Studies
1,1,1,1,0,1,1,0,1,0,1,1,0,1,0,1,1,1,1,1,1,1,0,1,0,1,1,1,Fashion Design
0,0,0,1,0,0,0,0,1,0,0,0,0,1,0,0,0,0,1,0,0,0,0,1,0,0,0,0,Fashion Design
0,0,0,0,1,0,1,0,0,1,0,0,0,0,1,0,0,0,0,1,0,0,0,0,1,0,0,1,Media Studies
1,1,1,0,0,0,1,1,0,1,1,1,1,0,1,1,1,1,0,1,1,1,1,1,0,1,1,1,Computer Sciences
1,0,0,1,0,1,1,0,1,0,1,1,1,1,1,1,1,1,1,1,1,0,1,1,0,1,1,1,Fashion Design
1,1,1,0,0,0,0,0,0,0,1,0,1,0,0,1,1,1,0,1,1,1,1,0,0,1,1,1,Engineering Studies
0,0,1,0,0,1,0,0,0,0,0,0,1,0,0,0,0,1,0,0,0,0,1,0,0,0,1,0,Engineering Studies
1,0,1,0,1,1,0,0,1,1,1,1,1,0,1,1,0,1,0,1,1,1,0,1,1,1,1,1,Media Studies
0,0,0,1,0,0,0,0,1,0,0,0,0,1,0,0,0,0,1,0,0,0,0,1,0,0,1,0,Fashion Design
1,0,1,1,1,1,1,1,1,1,1,1,1,1,1,1,1,1,1,1,1,1,1,1,1,1,1,1,Engineering Studies
0,0,1,0,0,0,1,0,0,0,0,0,1,0,0,0,0,1,0,0,0,0,1,0,0,0,1,0,Engineering Studies
1,1,1,1,0,1,1,1,1,0,1,1,1,1,0,1,1,1,0,0,1,1,0,1,0,1,1,1,Business Studies
1,0,1,0,1,1,1,0,1,1,1,1,0,0,1,1,1,1,0,1,1,1,0,0,1,1,1,1,Media Studies
1,1,0,1,1,1,1,1,1,1,1,1,1,1,0,1,1,0,1,1,1,1,1,1,0,0,1,1,Computer Sciences
1,0,1,1,0,1,1,1,1,0,1,0,1,0,0,1,1,1,0,1,1,1,1,1,0,1,1,0,Engineering Studies
1,1,0,1,0,0,0,0,1,0,1,0,0,1,0,0,1,0,1,1,1,1,0,1,1,1,1,0,Fashion Design
1,1,1,1,1,1,1,0,1,1,1,1,1,1,1,1,1,0,1,1,1,1,1,1,1,1,1,1,Media Studies
0,0,0,0,1,0,0,0,0,1,0,0,0,0,1,0,0,0,0,1,1,0,0,0,1,0,0,1,Media Studies
1,1,1,1,0,1,0,0,1,0,1,1,0,1,0,1,1,1,1,1,1,1,0,1,0,1,1,1,Fashion Design
0,1,0,0,1,0,1,0,0,0,0,1,0,0,0,0,1,0,0,0,0,1,0,0,0,0,0,0,Computer Sciences
1,1,1,0,0,1,1,0,0,1,1,1,1,1,0,0,1,1,1,1,1,1,1,1,0,0,1,0,Engineering Studies
1,1,1,1,1,1,1,0,1,1,1,1,0,1,1,1,1,1,1,1,1,1,0,1,1,1,1,1,Media Studies
1,0,0,0,0,1,0,0,0,0,1,0,0,0,0,1,0,0,0,0,1,1,0,0,0,1,0,0,Business Studies
1,1,1,1,1,1,1,0,1,1,1,1,1,1,1,1,1,1,0,1,1,1,0,1,0,1,1,1,Business Studies
0,1,1,0,0,0,1,0,0,0,0,1,0,0,0,0,1,0,0,0,0,1,0,0,0,0,0,0,Computer Sciences
1,1,1,1,1,1,1,0,1,0,1,1,1,1,1,1,1,1,0,1,1,1,0,1,0,1,1,1,Business Studies
0,1,1,0,1,1,1,0,1,1,1,1,1,1,1,1,1,1,0,1,1,1,0,1,1,1,0,1,Media Studies
1,0,1,0,0,1,1,1,1,0,0,1,1,1,0,1,1,1,0,1,1,1,1,1,0,1,1,0,Engineering Studies
0,0,1,0,0,0,0,0,0,0,0,0,0,0,0,0,0,1,0,0,0,0,1,0,0,0,1,0,Engineering Studies
1,1,1,0,0,1,1,1,0,1,1,1,0,1,0,1,1,1,0,1,1,1,0,0,1,1,1,0,Computer Sciences
1,1,1,0,1,0,0,0,0,1,1,1,1,0,1,1,1,1,0,1,1,1,1,1,1,1,1,1,Media Studies
1,1,1,0,0,1,1,0,1,0,1,1,1,1,0,1,1,1,0,1,1,1,0,1,0,1,1,1,Business Studies
0,0,0,1,1,0,0,0,0,1,0,0,0,0,1,0,0,0,0,1,0,0,0,0,1,0,0,1,Media Studies
1,0,0,0,0,1,0,1,0,0,1,0,0,0,0,1,0,0,0,0,1,0,0,0,0,1,0,0,Business Studies
1,1,1,1,1,1,1,1,0,1,1,1,1,1,0,0,1,1,0,1,1,1,1,1,1,1,1,1,Engineering Studies
1,0,0,0,0,1,0,0,0,0,1,0,0,0,0,1,0,1,0,0,1,0,0,0,0,1,0,0,Business Studies
0,0,0,0,1,0,0,0,0,1,0,0,0,0,1,0,0,0,0,1,0,1,0,0,1,0,0,1,Media Studies
1,1,1,1,1,1,1,1,0,0,1,1,1,1,0,1,1,1,1,1,1,1,0,0,0,1,1,0,Computer Sciences
0,0,0,1,0,0,0,0,1,0,0,0,0,1,0,0,0,0,0,0,0,0,0,1,0,0,0,0,Fashion Design
1,1,1,0,1,1,1,0,1,1,1,1,0,1,1,1,1,1,0,1,1,1,0,0,1,1,1,1,Media Studies
1,1,1,0,1,0,1,0,0,1,1,1,0,1,1,1,1,1,1,1,1,1,0,1,1,1,1,1,Media Studies
1,1,1,1,0,1,1,0,1,1,1,1,1,1,1,1,1,1,0,1,1,1,0,1,1,1,1,1,Media Studies
1,1,1,1,1,1,1,0,1,1,1,0,0,1,1,1,0,1,0,1,1,1,0,0,1,1,1,1,Media Studies
1,1,1,0,0,1,1,1,0,0,1,1,1,1,0,1,1,1,0,1,1,1,1,0,0,1,1,1,Business Studies
1,0,1,1,0,1,1,0,1,0,1,1,0,1,0,1,1,1,1,1,1,1,0,1,1,1,1,0,Fashion Design
1,1,0,1,1,1,1,1,1,1,1,1,1,1,0,1,1,0,1,1,1,1,1,1,0,1,1,1,Business Studies
1,0,0,0,0,1,0,0,0,0,1,0,0,0,0,1,0,0,0,0,1,0,0,0,0,1,0,1,Business Studies
1,1,1,1,0,1,1,0,1,0,0,1,0,1,0,1,1,1,1,1,1,0,0,1,1,1,1,0,Fashion Design
1,0,1,1,0,1,1,0,1,0,1,1,1,1,0,1,0,1,1,1,1,1,0,1,0,1,1,1,Fashion Design
1,1,1,1,0,1,1,0,1,0,1,1,0,1,0,1,1,1,1,1,1,1,0,1,0,1,1,0,Fashion Design
1,1,1,1,0,1,1,1,1,0,1,1,0,1,1,1,1,1,0,1,1,1,0,1,0,1,1,1,Business Studies
1,0,0,1,0,1,1,0,1,0,1,1,1,1,0,1,0,1,1,1,1,1,1,1,0,1,1,0,Fashion Design
1,1,1,0,1,1,1,0,0,1,1,1,0,1,1,1,1,1,0,1,1,1,0,0,1,1,1,1,Media Studies
1,0,0,0,0,1,0,0,0,0,1,0,0,0,0,1,0,0,0,0,1,0,1,0,0,1,0,0,Business Studies
1,1,0,0,1,1,1,1,1,1,1,1,0,0,1,1,1,1,0,1,1,1,0,1,0,1,0,1,Computer Sciences
0,0,1,0,0,0,0,0,1,0,0,0,1,0,0,0,0,1,0,0,0,0,1,0,0,0,1,0,Engineering Studies
1,0,1,1,1,1,0,0,1,0,1,1,1,1,1,1,0,1,1,1,1,1,0,1,0,1,1,1,Fashion Design
1,1,1,1,1,1,1,0,1,0,1,1,1,1,1,1,1,1,0,1,1,1,1,1,0,1,1,1,Engineering Studies
1,1,1,1,1,1,1,1,1,1,1,1,1,1,1,1,1,1,0,1,1,1,1,1,1,1,1,1,Business Studies
1,1,1,1,1,1,1,1,1,1,1,1,1,1,1,1,1,1,1,1,1,1,1,1,1,1,1,1,Engineering Studies
1,1,1,1,1,1,1,1,1,1,1,1,1,1,1,1,1,1,0,1,1,1,1,1,1,1,1,1,Engineering Studies
1,1,1,1,0,1,1,0,0,0,1,0,0,0,0,1,1,1,0,1,1,1,0,1,0,1,1,1,Business Studies
0,1,1,1,0,1,1,0,1,0,1,1,1,1,0,0,1,1,1,1,1,1,1,1,1,1,0,1,Fashion Design
0,0,0,0,1,0,0,0,0,1,0,0,0,0,0,0,0,0,0,1,0,0,0,0,1,0,0,1,Media Studies
1,0,1,0,0,1,1,0,1,0,1,1,0,0,0,1,1,1,0,1,1,1,0,0,1,1,1,0,Computer Sciences
1,1,1,1,1,1,1,0,0,1,1,1,1,0,1,1,1,1,1,1,1,1,1,0,1,1,1,1,Media Studies
0,1,0,0,0,1,1,0,0,0,0,1,0,0,0,0,1,0,0,0,0,1,0,0,0,0,0,0,Computer Sciences
1,0,1,0,0,1,1,1,1,1,1,1,0,0,0,1,1,1,0,1,1,1,0,0,0,1,1,1,Business Studies
1,1,1,0,1,1,1,0,1,1,1,1,1,1,1,1,1,1,0,1,1,1,0,1,1,1,1,1,Media Studies
0,1,1,1,1,1,1,0,1,1,1,1,1,1,1,0,1,1,1,1,1,1,1,1,1,1,0,1,Media Studies
1,1,1,0,1,1,1,1,1,0,1,1,1,1,1,1,1,0,1,1,1,1,1,1,0,1,1,1,Computer Sciences
1,0,0,1,0,1,0,0,0,0,1,0,0,0,0,1,0,0,0,0,1,0,0,0,0,1,0,0,Business Studies
1,0,1,1,1,1,1,1,1,1,1,1,1,0,0,1,1,1,0,1,1,1,1,0,1,1,1,1,Computer Sciences
1,0,1,1,1,1,1,0,1,0,1,1,1,1,1,1,1,1,1,1,1,1,0,1,0,1,1,1,Fashion Design
1,1,1,1,0,1,1,0,1,1,1,1,1,1,0,0,1,1,1,1,1,1,0,1,0,0,1,0,Fashion Design
1,1,1,1,1,1,0,1,1,1,1,1,1,1,0,1,1,1,1,1,1,1,1,1,0,1,1,1,Engineering Studies
1,0,0,0,1,0,0,0,0,1,0,0,0,0,1,0,0,0,0,1,0,0,0,0,1,0,0,1,Media Studies
1,1,1,1,0,1,1,0,1,1,1,0,0,1,0,1,0,1,0,1,1,1,0,0,0,1,1,0,Business Studies
1,1,1,0,0,1,1,0,0,1,1,1,1,1,0,1,1,1,1,1,1,1,0,1,0,1,1,0,Business Studies
0,1,1,0,0,1,1,0,1,0,1,1,1,1,0,1,1,1,0,1,1,1,0,1,0,1,0,1,Computer Sciences
0,0,0,0,1,0,0,0,0,1,0,0,0,0,1,0,0,0,0,1,0,0,0,1,1,0,0,1,Media Studies
1,0,1,1,0,1,1,0,0,0,1,1,1,1,0,1,1,1,1,1,1,1,0,1,0,1,1,1,Computer Sciences
1,0,1,0,0,1,1,0,1,0,1,1,1,0,0,1,1,1,0,1,1,1,1,0,1,1,1,0,Engineering Studies
1,0,1,0,0,1,1,1,0,0,1,1,1,0,0,1,0,1,0,1,1,1,1,0,0,1,1,0,Engineering Studies
1,0,1,1,1,1,1,0,1,1,1,0,0,0,1,1,1,1,0,1,1,1,0,1,1,1,1,1,Media Studies
1,0,0,0,0,1,0,0,0,0,1,0,0,0,0,1,0,0,0,0,1,0,0,0,0,0,0,0,Business Studies
1,0,0,0,0,1,0,0,0,0,1,0,0,0,0,1,0,0,0,0,1,0,0,0,0,1,0,0,Business Studies
1,1,0,0,1,1,1,1,1,1,1,1,0,0,1,1,1,1,0,1,1,1,0,1,0,1,0,1,Business Studies
0,0,1,0,0,0,0,0,0,0,0,0,1,0,0,0,0,1,0,0,0,0,1,0,0,0,0,0,Engineering Studies
0,0,1,0,0,0,0,0,0,0,1,0,1,0,0,0,0,1,0,0,0,0,1,0,0,0,1,0,Engineering Studies
0,0,1,0,0,0,0,0,0,0,0,0,1,0,0,0,0,1,1,0,0,0,1,0,0,0,1,0,Engineering Studies
1,1,1,1,1,1,1,1,1,1,1,1,1,1,1,1,1,1,1,1,1,1,1,1,0,1,1,1,Engineering Studies
1,0,0,0,0,1,1,0,0,0,1,0,0,0,0,1,0,0,0,0,1,0,0,0,0,1,0,0,Business Studies
1,1,1,1,1,1,1,0,1,1,1,0,1,1,1,1,0,1,0,1,1,1,1,1,1,1,1,1,Engineering Studies
1,1,1,1,1,1,1,1,0,1,1,1,1,1,1,1,1,1,0,0,1,1,1,1,1,1,1,0,Computer Sciences
0,0,1,0,1,0,0,0,0,0,0,0,1,0,0,0,0,1,0,0,0,0,1,0,0,0,1,0,Engineering Studies
1,1,1,1,0,1,1,0,0,0,1,1,0,0,0,1,1,1,0,0,1,1,0,0,1,1,1,0,Business Studies
0,0,0,0,1,0,0,0,0,1,0,0,0,0,1,0,0,0,0,1,0,0,0,0,1,0,1,1,Media Studies
1,0,1,1,0,1,1,0,1,0,1,1,1,1,0,1,1,1,1,1,1,1,0,1,0,1,1,1,Fashion Design
1,1,1,1,0,1,1,0,1,1,1,1,1,1,0,1,1,1,1,1,1,1,0,1,1,1,1,1,Fashion Design
1,1,1,1,0,1,0,1,1,0,1,1,1,0,0,1,1,1,0,1,1,1,1,1,1,1,1,1,Engineering Studies
1,1,1,1,0,0,1,0,1,0,1,1,0,1,0,1,1,1,1,1,1,1,0,1,0,1,1,0,Fashion Design
1,0,0,0,1,1,1,0,0,1,1,1,1,0,1,1,1,1,0,1,1,1,1,0,1,1,1,1,Media Studies
0,0,0,0,1,0,0,0,0,1,0,0,0,0,1,0,1,0,0,1,0,0,0,0,1,0,0,1,Media Studies
1,1,1,0,0,1,1,1,1,0,1,1,0,1,0,1,1,1,0,1,1,1,0,0,0,1,1,0,Computer Sciences
0,0,1,0,0,0,0,0,0,0,0,0,1,1,0,0,0,1,0,0,0,0,1,0,0,0,1,0,Engineering Studies
1,1,1,0,1,1,1,1,0,1,1,1,1,0,0,1,1,1,0,1,1,1,0,0,0,1,1,0,Business Studies
1,0,0,0,0,1,0,0,0,0,1,1,0,0,0,1,0,0,0,0,1,0,0,0,0,1,0,0,Business Studies
0,1,0,0,0,0,0,0,0,0,0,1,0,0,0,0,1,0,0,0,0,1,0,0,0,0,0,0,Computer Sciences
1,1,1,1,1,1,1,1,1,1,1,1,1,1,1,1,1,1,1,1,1,1,1,1,0,1,1,1,Engineering Studies
0,0,1,0,0,0,0,0,0,0,0,0,1,0,0,0,0,1,0,0,0,0,1,0,0,1,1,0,Engineering Studies
1,0,1,1,0,1,1,0,0,0,1,1,1,1,0,1,1,1,1,1,1,1,0,1,0,1,1,1,Business Studies
0,1,0,0,0,0,1,0,0,0,1,1,0,0,0,0,1,0,0,0,0,1,0,0,0,0,0,0,Computer Sciences
1,1,0,0,1,1,0,1,0,1,1,1,0,0,0,1,1,1,1,1,1,0,0,1,0,1,0,1,Business Studies
0,0,1,0,1,0,0,0,0,1,0,0,0,0,1,0,0,0,0,1,0,0,0,0,1,0,0,1,Media Studies
1,1,1,1,1,1,1,0,1,1,1,1,1,1,1,1,1,1,1,1,1,1,1,1,1,1,1,1,Media Studies
0,0,0,1,0,0,0,0,1,0,0,0,0,1,0,0,0,0,1,0,1,0,0,1,0,0,0,0,Fashion Design
1,1,1,1,1,1,1,0,0,1,1,1,1,1,1,0,1,1,0,1,1,1,1,1,1,1,1,1,Media Studies
0,0,0,0,0,1,0,0,0,0,1,0,0,0,0,1,0,0,0,0,1,0,0,0,0,1,0,0,Business Studies
1,1,1,0,1,1,1,1,0,1,1,1,1,0,0,1,1,1,0,1,1,1,0,0,0,1,1,0,Computer Sciences
1,1,1,1,0,1,1,0,1,0,1,0,0,1,0,1,1,1,1,1,1,1,0,1,0,1,1,1,Fashion Design
1,1,1,1,1,1,1,1,0,1,1,1,1,1,0,1,1,1,0,1,1,1,1,1,1,1,1,1,Business Studies
1,0,0,0,0,1,0,0,0,0,1,0,0,0,0,1,0,0,1,0,1,0,0,0,0,1,0,0,Business Studies
1,1,1,1,1,0,1,0,1,1,1,0,1,1,0,1,1,1,1,1,1,1,1,1,0,0,1,1,Fashion Design
1,0,1,1,1,1,1,0,1,1,1,1,1,1,1,1,1,1,1,1,1,1,1,1,1,1,1,1,Media Studies
1,0,0,0,0,1,0,0,0,0,1,0,0,0,0,1,0,0,0,0,1,0,0,0,0,1,1,0,Business Studies
1,0,1,0,1,1,0,0,1,0,1,1,1,0,1,1,0,1,0,1,1,1,0,1,0,1,1,1,Business Studies
1,0,0,0,0,1,1,1,0,0,1,1,1,0,1,1,1,1,0,1,1,1,1,0,0,1,1,1,Computer Sciences
1,1,1,0,0,1,1,1,1,1,0,1,1,1,1,1,0,1,1,1,1,0,1,0,1,1,1,1,Engineering Studies
0,1,0,0,0,0,1,0,1,0,0,1,0,0,0,0,1,0,0,0,0,1,0,0,0,0,0,0,Computer Sciences
1,1,1,1,1,1,0,0,1,1,1,1,1,0,1,1,1,0,0,1,1,1,0,1,1,1,1,1,Media Studies
1,0,1,0,0,1,1,1,1,0,1,1,1,1,0,1,1,1,1,1,1,1,1,1,0,1,1,1,Engineering Studies
1,1,0,1,1,1,1,1,0,1,1,1,1,0,1,1,1,1,0,1,1,1,0,1,0,1,1,1,Business Studies
0,1,0,0,0,0,1,0,0,0,0,1,0,0,0,0,1,0,1,0,0,1,0,0,0,0,0,0,Computer Sciences
1,0,0,0,0,1,1,1,0,0,1,1,1,0,0,1,1,1,0,1,1,1,1,0,0,1,1,0,Computer Sciences
1,1,1,1,1,1,1,0,1,1,1,1,1,1,0,1,1,1,1,1,1,1,0,1,0,1,1,0,Fashion Design
0,1,0,0,0,0,1,0,0,0,0,1,0,0,0,0,1,0,0,0,0,1,1,0,0,0,0,0,Computer Sciences
1,1,1,1,1,1,1,1,1,1,1,1,1,1,1,1,1,0,1,1,1,1,1,1,1,1,1,1,Computer Sciences
1,1,1,0,1,1,1,0,1,1,1,1,1,0,1,1,0,1,1,1,1,1,1,1,1,1,0,1,Media Studies
0,0,1,1,0,0,0,0,1,0,0,0,0,1,0,0,0,0,1,0,0,0,0,1,0,0,0,0,Fashion Design
1,1,1,0,0,0,1,1,0,0,1,1,1,1,0,1,1,1,1,1,1,1,1,1,0,1,1,0,Engineering Studies
1,1,1,1,1,1,1,0,1,0,1,1,1,1,1,1,1,1,1,1,1,1,0,1,0,1,1,1,Fashion Design
0,0,1,0,0,0,0,0,0,1,0,0,1,0,0,0,0,1,0,0,0,0,1,0,0,0,1,0,Engineering Studies
1,1,1,0,0,1,1,1,0,1,1,1,0,1,0,1,1,1,0,1,1,1,0,0,1,1,1,0,Business Studies
0,0,0,0,0,0,1,0,0,0,0,1,0,0,0,0,1,0,0,0,0,1,0,0,0,0,0,0,Computer Sciences
1,0,1,1,0,0,1,0,1,1,1,1,1,1,0,1,1,1,0,1,1,1,1,1,0,1,1,1,Engineering Studies
1,1,1,0,1,1,1,0,1,1,1,1,1,1,1,1,1,0,1,1,1,1,1,1,1,1,1,1,Media Studies
0,1,1,0,0,1,1,0,1,0,1,1,1,1,0,1,1,1,0,1,1,1,1,1,0,1,1,1,Engineering Studies
1,1,1,1,0,0,1,1,1,0,1,1,0,1,1,1,1,1,0,1,1,1,0,1,0,0,1,1,Computer Sciences
1,1,1,0,0,1,1,1,0,0,1,1,0,1,0,1,1,1,1,1,1,1,0,1,0,1,1,0,Business Studies
1,1,1,1,1,1,1,1,0,1,1,1,1,1,1,1,1,1,0,0,1,1,1,1,1,1,1,0,Business Studies
0,0,1,0,0,0,0,0,0,0,0,0,1,0,0,0,0,0,0,0,0,0,1,0,0,0,1,0,Engineering Studies
1,1,1,0,1,1,1,0,1,0,1,1,1,0,1,1,0,1,1,1,1,1,1,1,0,1,0,1,Business Studies
0,0,0,0,0,0,0,0,0,0,0,0,1,0,0,0,0,1,0,0,0,0,1,0,0,0,1,0,Engineering Studies
1,1,1,1,1,1,1,0,1,1,1,1,1,1,1,1,1,1,1,1,1,1,1,1,1,1,1,1,Fashion Design
1,1,1,0,1,0,1,0,1,1,1,1,1,1,1,1,1,1,0,1,1,0,1,1,1,1,1,1,Media Studies
1,0,0,0,0,1,1,1,0,0,1,1,1,0,0,1,0,1,0,1,1,1,1,0,0,1,1,0,Business Studies
0,1,0,0,0,0,1,0,0,0,0,1,0,0,0,0,1,0,0,1,0,1,0,0,0,0,0,0,Computer Sciences
1,0,0,1,0,1,1,0,1,1,1,1,1,1,0,1,1,0,0,1,1,1,0,1,0,1,1,1,Business Studies
1,0,1,0,0,1,1,1,1,0,1,1,1,1,0,1,1,1,0,1,1,1,0,1,0,1,1,0,Business Studies
1,1,1,1,0,1,0,0,1,1,1,0,0,1,0,1,0,1,1,0,1,1,0,1,0,0,0,1,Fashion Design
1,1,1,0,1,1,0,0,0,1,1,1,0,1,1,1,1,1,0,1,1,1,0,0,1,1,1,1,Media Studies
0,0,0,1,0,0,0,0,1,0,0,0,0,1,0,0,0,0,1,0,0,0,0,1,0,0,0,1,Fashion Design
0,0,1,0,0,0,0,0,0,0,0,0,1,0,0,0,0,1,0,0,0,0,1,1,0,0,1,0,Engineering Studies
1,1,1,1,0,1,1,1,0,1,1,1,1,1,0,1,1,1,0,1,1,1,0,0,1,1,1,1,Computer Sciences
0,0,1,0,0,0,0,0,0,0,0,0,1,0,0,0,1,1,0,0,0,0,1,0,0,0,1,0,Engineering Studies
1,0,0,0,0,1,1,1,1,0,1,1,1,1,0,1,1,1,1,1,1,1,1,1,0,1,1,1,Business Studies
1,0,1,0,0,1,1,1,1,1,1,1,0,0,0,1,1,1,0,1,1,1,0,0,0,1,1,1,Computer Sciences
1,1,0,1,1,1,0,0,1,1,1,1,0,1,0,1,1,1,1,1,1,1,0,1,0,1,1,1,Fashion Design
1,1,1,1,0,0,0,0,1,1,1,1,1,1,1,1,1,1,1,1,1,1,1,1,0,1,1,1,Fashion Design
1,1,0,0,1,1,1,0,1,1,1,1,0,0,1,1,1,1,0,1,1,1,0,1,1,1,0,1,Media Studies
1,1,1,1,1,1,1,1,0,1,1,1,1,0,1,1,1,1,1,1,1,1,1,0,1,1,1,1,Computer Sciences
1,0,0,0,0,1,1,1,0,0,1,1,1,0,1,1,1,1,0,1,1,0,1,0,0,1,1,1,Business Studies
1,1,1,1,1,0,1,0,1,1,1,1,0,1,1,1,1,1,0,1,1,1,0,1,1,0,1,1,Media Studies
1,1,0,1,1,1,1,0,0,1,1,1,1,0,1,1,1,1,0,1,0,1,0,1,1,1,1,1,Media Studies
0,1,0,0,0,0,1,0,0,0,0,1,0,0,0,0,1,0,0,0,0,1,0,0,1,0,0,0,Computer Sciences
1,1,1,1,0,1,1,0,1,1,1,1,0,1,0,1,1,1,1,1,1,1,0,1,1,1,1,0,Fashion Design
1,1,1,1,1,1,1,0,1,1,1,1,1,1,1,1,1,1,1,1,1,1,1,1,1,1,1,1,Media Studies
1,1,1,1,0,1,1,0,1,0,1,1,1,1,0,1,1,1,1,1,1,1,0,1,0,1,1,1,Fashion Design
0,0,0,0,1,0,0,0,1,1,0,0,0,0,1,0,0,0,0,1,0,0,0,0,1,0,0,1,Media Studies
1,1,1,1,1,1,1,1,1,1,1,1,1,1,1,1,1,1,1,1,1,1,1,1,1,1,1,1,Computer Sciences
1,1,1,1,1,1,1,1,0,1,1,1,1,1,1,1,1,1,0,0,1,1,1,1,1,1,1,0,Engineering Studies
1,0,1,0,0,0,0,0,0,0,0,0,1,0,0,0,0,1,0,0,0,0,1,0,0,0,1,0,Engineering Studies
1,0,0,1,0,0,1,0,1,1,1,1,1,1,0,1,1,0,1,1,1,1,0,1,0,1,1,1,Fashion Design
0,1,0,1,1,0,0,0,1,1,0,1,0,1,0,0,1,1,1,1,1,0,0,1,0,1,0,1,Fashion Design
1,0,1,1,1,1,1,1,1,1,1,1,1,1,1,1,1,1,1,1,1,1,1,1,1,1,1,1,Business Studies
1,0,0,0,0,1,0,0,0,0,1,0,0,0,0,1,0,0,0,0,0,0,0,0,0,1,0,0,Business Studies
1,1,1,1,0,1,1,0,0,0,0,1,0,0,0,1,1,1,0,0,1,1,0,0,1,0,1,0,Computer Sciences
0,0,0,1,0,0,0,0,1,0,0,0,0,1,0,0,0,0,1,0,0,0,0,1,0,1,0,0,Fashion Design
1,1,1,0,0,1,1,0,1,0,1,1,1,1,0,1,1,1,0,1,1,1,0,1,0,1,1,1,Computer Sciences
0,0,0,0,1,0,0,0,0,1,0,0,0,0,1,0,0,0,0,1,0,0,0,0,1,0,0,0,Media Studies
1,1,1,1,1,1,1,0,0,1,1,1,1,1,1,1,1,1,0,1,1,1,1,1,1,1,1,1,Media Studies
1,0,0,0,0,1,0,0,0,0,1,0,0,0,0,0,0,0,0,0,1,0,0,0,0,1,0,0,Business Studies
1,1,1,0,0,1,1,0,1,0,1,1,1,1,0,1,1,1,0,1,1,0,1,1,0,1,1,1,Business Studies
1,1,1,1,0,1,0,1,1,1,1,0,0,1,0,1,0,1,1,0,1,1,0,1,0,1,0,1,Business Studies
1,1,1,0,1,1,1,0,1,0,1,1,1,0,1,1,0,1,1,1,1,1,1,1,0,1,1,1,Engineering Studies
1,1,1,0,1,1,1,1,0,1,1,1,1,0,0,1,1,1,0,1,1,1,1,0,0,1,1,0,Engineering Studies
0,0,0,1,0,0,0,0,1,0,0,0,0,0,0,0,0,0,1,0,0,0,0,1,0,0,0,0,Fashion Design
0,1,0,0,0,0,1,0,0,0,0,1,0,0,1,0,1,0,0,0,0,1,0,0,0,0,0,0,Computer Sciences
1,1,1,0,0,0,1,0,1,0,1,1,1,1,0,1,1,1,0,1,1,0,1,1,0,1,1,1,Engineering Studies
0,0,0,0,1,0,0,0,0,1,1,0,0,0,1,0,0,0,0,1,0,0,0,0,1,0,0,1,Media Studies
0,0,0,1,0,0,0,0,1,0,0,0,0,1,0,0,0,0,1,0,0,1,0,1,0,0,0,0,Fashion Design
1,0,0,0,0,1,1,1,0,0,1,1,1,0,0,1,1,1,0,1,1,1,1,0,0,1,1,0,Computer Sciences
1,1,1,1,1,1,1,0,1,1,1,1,1,1,1,1,1,1,1,1,1,1,1,1,0,1,1,1,Fashion Design
0,0,0,0,1,0,0,0,0,1,0,0,1,0,1,0,0,0,0,1,0,0,0,0,1,0,0,1,Media Studies
1,1,1,0,0,1,1,1,0,0,1,1,0,1,0,1,1,1,0,1,1,1,0,0,0,1,1,1,Computer Sciences
0,0,1,0,0,0,0,0,0,0,0,0,1,0,1,0,0,1,0,0,0,0,1,0,0,0,1,0,Engineering Studies
1,0,1,1,0,1,1,0,1,1,1,1,0,1,0,1,1,1,1,1,1,1,0,1,0,1,1,1,Fashion Design
1,1,1,1,1,1,1,0,1,1,1,1,1,1,1,1,1,1,0,1,1,1,1,1,0,1,1,1,Engineering Studies
0,0,0,1,0,0,0,0,0,0,0,0,0,1,0,0,0,0,1,0,0,0,0,1,0,0,0,0,Fashion Design
0,0,0,0,1,0,0,0,0,1,0,0,0,1,1,0,0,0,0,1,0,0,0,0,1,0,0,1,Media Studies
0,0,0,0,1,0,0,0,0,1,0,0,0,0,1,0,0,0,0,1,0,0,0,0,1,1,0,1,Media Studies
1,1,1,1,1,1,1,0,1,1,1,1,1,1,1,1,1,1,0,1,1,1,0,1,0,1,1,1,Computer Sciences
0,1,0,0,1,0,1,1,0,1,0,1,0,0,0,0,1,1,1,1,1,1,0,1,0,1,0,1,Computer Sciences
1,0,1,0,0,0,1,1,0,0,0,1,1,0,0,0,1,1,0,1,0,0,1,0,0,0,1,0,Engineering Studies
0,0,0,1,0,0,0,0,1,0,0,0,0,1,1,0,0,0,1,0,0,0,0,1,0,0,0,0,Fashion Design
0,0,0,0,1,0,0,0,0,1,0,0,0,0,1,0,0,1,0,1,0,0,0,0,1,0,0,1,Media Studies
0,0,0,0,0,0,0,0,1,0,0,0,0,1,0,0,0,0,1,0,0,0,0,1,0,0,0,0,Fashion Design
1,1,1,1,0,1,1,1,1,1,1,1,0,1,0,1,1,1,1,0,1,1,0,1,0,0,0,1,Computer Sciences
1,1,1,1,1,1,1,1,1,1,1,1,1,1,1,1,1,1,1,1,1,1,1,1,0,1,1,1,Business Studies
0,0,0,1,0,0,0,0,1,0,0,0,0,1,0,0,0,0,1,0,0,0,0,0,0,0,0,0,Fashion Design
1,1,1,0,1,0,1,1,1,1,1,1,1,1,0,1,1,1,1,1,1,1,1,0,0,0,1,1,Computer Sciences
1,1,1,1,1,1,1,0,0,1,0,1,0,0,1,1,1,1,0,1,1,1,0,0,1,0,1,1,Media Studies
0,1,0,0,0,0,1,0,0,0,0,1,0,0,0,0,1,1,0,0,0,1,0,0,0,0,0,0,Computer Sciences
1,1,1,0,0,1,0,1,0,1,1,1,1,0,1,1,1,1,0,1,1,1,1,1,0,1,1,1,Business Studies
1,0,1,0,0,1,1,1,0,0,1,1,1,1,0,1,0,1,0,1,1,1,1,0,0,1,1,1,Engineering Studies
0,0,0,1,0,1,0,0,1,0,0,0,0,1,0,0,0,0,1,0,0,0,0,1,0,0,0,0,Fashion Design
0,0,0,1,0,0,0,0,1,0,0,0,0,1,0,0,0,1,1,0,0,0,0,1,0,0,0,0,Fashion Design
0,0,1,0,0,0,0,0,0,0,0,1,1,0,0,0,0,1,0,0,0,0,1,0,0,0,1,0,Engineering Studies
1,1,1,1,1,1,1,0,1,1,1,0,0,1,1,1,0,1,0,1,1,1,0,1,1,1,1,1,Media Studies
0,1,0,0,0,0,1,0,0,0,0,1,0,0,0,0,0,0,0,0,0,1,0,0,0,0,0,0,Computer Sciences
0,0,1,0,0,0,0,0,0,0,0,0,1,0,0,0,0,1,0,1,0,0,1,0,0,0,1,0,Engineering Studies
1,1,1,0,1,1,1,0,0,1,1,1,0,1,1,1,1,1,0,1,1,1,0,0,1,1,1,1,Media Studies
1,1,1,0,0,1,1,1,1,0,1,1,0,1,0,1,1,1,0,1,1,1,0,0,0,1,1,0,Business Studies
1,1,1,0,0,1,1,1,0,0,1,1,1,1,0,1,1,1,0,1,1,1,1,0,0,1,1,1,Engineering Studies
1,1,1,0,1,1,1,0,1,1,0,1,0,1,1,1,1,1,0,1,1,0,0,0,1,1,1,1,Media Studies
0,0,0,1,0,0,0,0,1,0,0,0,0,1,0,1,0,0,1,0,0,0,0,1,0,0,0,0,Fashion Design
1,1,1,1,1,1,1,0,1,0,1,1,1,1,0,0,1,1,1,1,1,1,1,1,0,1,1,1,Fashion Design
1,1,1,0,0,1,1,0,1,0,1,1,1,1,0,1,1,1,0,1,1,1,0,1,0,1,0,1,Business Studies
1,1,1,1,1,1,1,0,1,0,1,1,1,1,1,1,1,1,0,1,1,1,0,1,0,1,1,1,Computer Sciences
1,1,1,1,1,1,1,0,1,1,1,1,1,1,1,1,1,1,0,1,1,1,1,1,1,1,1,1,Media Studies
1,1,1,0,0,1,0,0,0,0,1,0,0,0,0,1,1,1,0,1,1,1,0,0,0,1,1,1,Business Studies
1,0,1,0,0,1,1,1,1,1,1,1,1,0,0,1,1,1,0,1,1,1,1,0,0,1,1,1,Engineering Studies
1,1,1,1,1,1,1,0,0,1,1,1,1,1,1,1,1,1,1,1,1,1,0,0,1,1,1,1,Media Studies
1,1,0,0,0,0,1,0,1,0,1,1,0,1,0,0,1,0,0,1,1,1,0,0,1,1,1,0,Computer Sciences
1,1,1,1,0,1,0,1,0,0,1,1,0,1,1,1,1,1,1,1,1,1,0,1,0,1,1,1,Business Studies
1,1,0,1,1,1,1,0,1,1,1,1,1,1,0,1,1,0,1,1,1,1,1,1,0,0,1,1,Fashion Design
0,1,0,0,0,0,1,0,0,0,0,1,0,0,0,0,1,0,0,0,0,0,0,0,0,0,0,0,Computer Sciences
1,1,0,1,1,1,1,0,1,1,1,1,1,1,1,1,1,0,1,1,1,1,1,1,1,0,1,1,Media Studies
1,1,1,1,1,1,1,0,1,1,1,0,0,1,1,1,0,1,1,1,1,1,0,1,1,1,1,1,Fashion Design
1,0,1,1,0,1,1,0,1,0,0,1,1,1,0,1,1,1,1,1,1,1,0,1,0,1,1,0,Fashion Design
0,1,0,0,0,0,1,0,0,0,0,1,0,0,0,0,1,0,0,0,0,1,0,0,0,0,0,1,Computer Sciences
1,0,0,0,0,1,1,1,0,0,1,1,1,0,0,1,1,1,0,1,1,1,1,0,0,1,1,0,Business Studies
1,1,1,1,1,1,1,1,1,1,1,1,0,1,1,1,1,1,1,1,1,1,0,1,0,1,1,1,Business Studies
1,1,1,1,1,1,1,0,0,1,1,0,0,0,1,1,1,1,0,1,1,1,0,1,1,1,1,1,Media Studies
1,1,1,1,1,1,1,0,1,0,1,1,1,1,0,1,1,1,1,1,1,1,0,1,0,1,1,0,Fashion Design
0,0,0,1,0,0,1,0,1,0,0,0,0,1,0,0,0,0,1,0,0,0,0,1,0,0,0,0,Fashion Design
1,0,0,0,0,1,0,0,0,0,1,0,0,0,1,1,0,0,0,0,1,0,0,0,0,1,0,0,Business Studies
1,0,1,1,0,1,1,0,1,0,1,0,0,1,0,1,1,1,1,1,1,1,0,1,0,1,1,0,Fashion Design
1,1,1,1,1,1,1,1,0,1,1,1,1,0,1,1,1,1,1,1,1,1,1,0,1,1,1,1,Business Studies
1,1,0,0,0,0,1,0,1,0,0,1,1,1,0,1,1,0,0,1,0,1,0,0,0,1,1,0,Computer Sciences
1,1,1,1,1,1,1,1,1,1,1,1,1,1,1,1,1,1,1,1,1,1,1,1,1,1,1,1,Engineering Studies
1,1,1,0,1,1,1,0,0,0,1,1,1,0,0,0,1,1,0,1,1,1,1,1,0,1,1,1,Engineering Studies
1,1,1,0,0,0,1,0,1,0,1,1,1,1,0,1,1,1,0,1,1,1,1,1,0,1,1,1,Computer Sciences
0,0,0,0,1,0,0,0,0,1,0,0,0,0,1,0,0,0,0,1,0,0,1,0,1,0,0,1,Media Studies
1,1,1,0,0,1,1,1,1,0,1,1,0,1,0,1,1,1,0,1,1,0,0,0,1,1,1,0,Business Studies
0,1,1,0,1,0,0,1,0,1,0,1,1,0,0,0,1,1,1,1,1,0,1,1,0,1,1,1,Engineering Studies
1,1,1,0,0,1,1,1,1,0,0,1,1,1,0,1,1,1,0,1,1,0,1,0,1,1,1,0,Engineering Studies
1,1,1,0,0,1,1,1,0,0,1,1,1,1,0,1,1,1,0,1,1,1,1,0,0,1,1,1,Computer Sciences
0,1,0,1,0,0,1,0,0,0,0,1,0,0,0,0,1,0,0,0,0,1,0,0,0,0,0,0,Computer Sciences
0,1,1,1,0,1,1,0,1,0,1,1,1,1,0,0,1,1,1,1,1,1,1,1,1,1,0,1,Computer Sciences
1,1,1,0,1,0,1,0,1,1,1,1,0,1,1,0,1,1,0,1,1,1,0,1,1,1,0,1,Media Studies
1,1,1,1,1,1,1,1,1,1,1,1,1,1,1,1,1,1,1,1,1,1,1,1,1,1,1,1,Business Studies
1,1,1,0,1,1,1,0,0,1,1,1,1,0,1,1,1,1,0,1,1,1,0,0,1,1,1,1,Media Studies
1,0,1,1,0,1,1,0,0,0,1,1,1,1,0,1,1,1,1,1,1,1,1,1,0,1,1,1,Engineering Studies
1,1,1,1,1,1,1,0,1,0,1,1,1,1,1,1,0,1,1,1,1,1,1,1,0,1,0,1,Fashion Design
1,1,1,1,0,0,0,0,1,0,1,1,0,1,1,1,1,1,1,1,1,1,0,1,0,1,1,1,Fashion Design
1,0,0,1,0,1,1,0,1,0,1,1,1,1,0,1,1,1,1,1,1,1,1,1,0,1,1,1,Fashion Design
1,0,0,0,1,1,1,0,0,1,1,1,1,0,1,1,0,1,0,1,1,1,1,0,1,1,1,1,Media Studies
1,1,1,1,0,1,0,0,1,0,1,1,1,1,0,1,1,0,1,1,1,1,0,1,1,1,1,1,Fashion Design
1,0,0,1,0,1,1,0,1,0,1,1,1,1,0,1,1,1,1,1,1,1,1,1,0,1,1,0,Fashion Design
1,1,0,1,0,0,0,0,1,0,0,1,1,1,0,1,1,0,1,1,0,0,0,1,0,1,1,0,Fashion Design
0,1,0,0,0,0,1,0,0,0,0,1,0,1,0,0,1,0,0,0,0,1,0,0,0,0,0,0,Computer Sciences
1,0,1,0,1,1,1,0,0,1,1,1,1,1,1,1,0,1,0,1,1,1,0,0,1,1,1,1,Media Studies
1,0,0,0,0,1,0,0,0,0,1,0,0,0,0,1,0,0,0,0,1,0,0,0,1,1,0,0,Business Studies
1,1,1,1,1,1,1,1,1,1,1,1,0,1,1,1,1,1,1,1,1,1,0,1,0,1,1,1,Computer Sciences
0,1,0,0,1,0,0,0,0,1,0,0,0,0,1,0,0,0,0,1,0,0,0,0,1,0,0,1,Media Studies
1,1,1,1,0,1,1,0,1,0,1,1,1,1,0,1,1,1,1,0,1,1,0,1,0,1,1,1,Fashion Design
1,1,1,1,0,1,1,0,0,0,1,0,1,0,0,1,1,1,0,1,1,1,1,1,0,1,1,1,Engineering Studies
1,1,1,0,1,1,1,0,1,0,1,1,1,0,1,1,1,1,1,1,1,1,1,1,0,1,0,1,Computer Sciences
1,1,1,1,1,1,1,1,1,1,1,1,1,1,1,1,1,0,1,1,1,1,1,1,1,1,1,1,Business Studies
1,0,1,1,1,1,1,0,1,1,1,1,1,1,1,1,1,1,1,1,1,1,1,1,1,1,1,1,Fashion Design
1,0,1,0,1,0,1,0,0,1,0,1,1,0,1,0,1,0,0,1,0,0,0,0,1,0,1,1,Media Studies
0,0,0,1,0,0,0,0,1,0,0,0,0,1,0,0,0,0,1,1,0,0,0,1,0,0,0,0,Fashion Design
1,1,1,0,0,0,1,1,0,0,1,1,0,1,0,1,1,1,1,1,1,1,0,1,0,1,1,0,Computer Sciences
0,1,0,0,0,0,1,0,0,0,0,1,0,0,0,0,1,0,0,0,0,1,0,0,0,1,0,0,Computer Sciences
1,1,1,1,0,1,0,1,1,0,1,1,1,0,0,1,1,0,0,1,1,1,0,1,1,1,1,1,Business Studies
0,1,0,0,0,0,1,0,0,0,0,0,0,0,0,0,1,0,0,0,0,1,0,0,0,0,0,0,Computer Sciences
0,1,0,0,0,0,1,0,0,0,0,1,1,0,0,0,1,0,0,0,0,1,0,0,0,0,0,0,Computer Sciences
1,0,0,0,0,1,0,0,0,0,1,0,0,0,0,1,0,0,0,1,1,0,0,0,0,1,0,0,Business Studies
0,0,1,0,0,0,0,0,0,0,0,0,1,0,0,0,0,1,0,0,0,1,1,0,0,0,1,0,Engineering Studies
1,1,1,0,1,1,1,1,1,0,1,1,1,1,1,1,1,1,1,1,1,1,1,1,0,1,1,1,Engineering Studies
1,1,1,0,1,0,1,0,1,1,1,0,1,1,1,1,1,1,1,1,1,1,1,0,1,0,1,1,Media Studies
1,1,1,1,1,1,1,0,1,1,1,1,0,1,1,1,1,1,1,1,1,1,0,1,0,1,1,1,Fashion Design
0,0,1,0,0,0,0,0,0,0,0,0,1,0,0,0,0,1,0,0,0,0,1,0,1,0,1,0,Engineering Studies
1,0,1,1,1,1,1,0,0,1,1,1,1,1,1,1,1,1,1,1,1,1,0,1,1,1,1,1,Media Studies
1,1,1,1,0,1,1,0,0,0,0,1,1,0,0,1,1,1,0,0,1,1,1,0,1,0,1,0,Engineering Studies
0,1,0,1,0,0,0,0,1,0,0,0,0,1,0,0,0,0,1,0,0,0,0,1,0,0,0,0,Fashion Design
0,1,0,0,0,0,1,0,0,0,0,1,0,0,0,1,1,0,0,0,0,1,0,0,0,0,0,0,Computer Sciences
1,1,1,0,0,1,1,1,1,1,1,1,1,1,1,1,0,1,1,1,1,0,0,0,1,1,1,1,Business Studies
1,1,1,1,1,1,1,0,1,1,1,1,1,1,1,1,1,1,1,1,1,1,0,1,0,1,1,1,Fashion Design
1,1,1,1,1,1,1,1,1,1,1,1,1,1,1,1,1,1,0,1,1,1,1,1,1,1,1,1,Computer Sciences
1,1,1,0,0,1,1,0,1,0,1,1,1,1,0,1,1,1,0,1,1,1,1,1,0,1,1,1,Engineering Studies
1,1,0,0,1,0,0,0,1,1,0,1,1,1,1,1,1,0,0,1,0,0,0,0,1,1,1,1,Media Studies
1,0,1,0,1,1,1,0,1,1,0,1,1,1,1,1,1,1,0,1,1,1,0,1,1,1,1,1,Media Studies
1,1,1,1,1,1,0,0,1,1,1,0,0,1,1,1,0,1,1,1,1,1,0,1,1,0,0,1,Media Studies
1,1,1,1,1,1,1,0,1,1,1,1,1,1,1,1,1,1,1,1,1,1,1,1,1,1,1,1,Fashion Design
0,0,1,1,0,0,0,0,0,0,0,0,1,0,0,0,0,1,0,0,0,0,1,0,0,0,1,0,Engineering Studies
1,0,0,1,0,0,0,0,1,0,0,0,0,1,0,0,0,0,1,0,0,0,0,1,0,0,0,0,Fashion Design
1,0,0,0,1,1,1,0,0,1,1,1,1,0,1,1,1,1,0,1,1,0,1,0,1,1,1,1,Media Studies
1,0,1,1,0,1,1,1,1,0,1,0,0,0,0,1,1,1,0,1,1,1,0,1,0,1,1,0,Business Studies
1,1,1,1,0,1,1,0,1,1,1,0,1,1,0,1,0,1,0,1,1,1,1,0,0,1,1,0,Engineering Studies
0,0,0,1,0,0,0,0,1,0,0,1,0,1,0,0,0,0,1,0,0,0,0,1,0,0,0,0,Fashion Design
1,1,0,0,0,1,0,0,0,0,1,0,0,0,0,1,0,0,0,0,1,0,0,0,0,1,0,0,Business Studies
1,0,1,1,0,1,1,1,1,0,1,1,0,0,0,1,1,1,0,1,1,1,0,1,0,1,1,0,Computer Sciences
1,0,0,0,1,1,0,0,0,0,1,0,0,0,0,1,0,0,0,0,1,0,0,0,0,1,0,0,Business Studies
1,1,1,0,0,1,1,1,1,0,1,1,1,1,0,1,1,1,0,1,1,1,1,0,0,1,1,0,Engineering Studies
1,0,0,0,0,0,0,0,0,0,1,0,0,0,0,1,0,0,0,0,1,0,0,0,0,1,0,0,Business Studies
1,1,1,0,0,0,0,0,1,0,1,0,1,1,0,0,1,1,0,1,1,1,1,0,1,1,1,0,Engineering Studies
0,0,0,0,1,0,0,0,0,0,0,0,0,0,1,0,0,0,0,1,0,0,0,0,1,0,0,1,Media Studies
1,1,1,0,0,0,0,0,1,0,0,1,1,1,0,1,1,1,0,1,0,0,1,0,0,1,1,0,Engineering Studies
1,1,1,1,0,1,1,1,0,1,1,1,1,1,0,1,1,1,0,1,1,1,0,0,1,1,1,1,Business Studies
1,0,1,1,1,1,1,0,1,1,1,1,1,0,1,1,1,1,0,1,1,1,1,0,1,1,1,1,Media Studies
1,1,1,1,1,1,1,0,0,1,1,1,1,1,1,1,1,1,0,1,1,1,0,0,1,1,1,1,Media Studies
1,1,1,1,0,1,1,0,1,1,1,0,0,1,0,1,0,1,1,1,1,1,0,1,0,1,1,0,Fashion Design
1,1,1,1,0,0,1,0,1,0,1,1,0,1,1,1,1,1,1,1,1,1,0,1,0,0,1,1,Fashion Design
1,1,0,0,0,1,0,0,1,0,1,0,0,1,0,1,1,0,0,1,1,1,0,0,1,1,1,0,Business Studies
0,0,0,0,1,0,0,0,0,1,0,0,0,0,1,0,0,0,0,1,0,0,0,0,1,0,0,1,Media Studies
1,1,1,1,1,0,0,0,0,1,1,1,0,1,1,1,1,1,1,1,1,1,0,1,1,1,1,1,Media Studies
0,1,1,0,0,0,0,0,0,0,0,0,1,0,0,0,0,1,0,0,0,0,1,0,0,0,1,0,Engineering Studies
1,1,1,0,1,1,1,0,0,1,1,1,1,1,1,1,1,1,0,1,1,1,1,0,1,1,1,1,Media Studies
1,1,1,1,0,1,1,0,1,0,0,1,0,1,0,1,1,1,1,0,1,1,0,1,1,0,1,0,Fashion Design
1,1,1,0,0,1,1,1,0,0,1,1,0,1,0,1,1,1,0,1,1,1,0,0,0,1,1,1,Business Studies
1,1,1,1,0,1,1,0,0,0,1,1,0,0,0,1,1,1,0,1,1,1,0,1,0,1,1,1,Computer Sciences
0,0,1,0,0,0,0,0,0,0,0,0,1,0,0,0,0,1,0,0,0,0,1,0,0,0,1,1,Engineering Studies
1,1,1,0,1,1,1,0,0,0,1,1,1,0,0,0,1,1,0,1,1,1,1,1,0,1,1,1,Computer Sciences
1,1,1,0,1,1,1,0,0,1,1,1,1,1,1,0,1,1,1,1,1,1,0,1,1,0,1,1,Media Studies
1,1,1,0,1,1,1,0,0,1,1,1,1,0,1,0,1,1,0,1,1,1,1,1,1,1,1,1,Media Studies
1,0,1,0,1,1,0,0,1,0,1,1,1,0,1,1,0,1,0,1,1,1,1,1,0,1,1,1,Engineering Studies
0,1,1,1,0,1,1,0,1,0,1,1,1,1,0,1,1,1,1,1,1,1,0,1,0,1,0,1,Fashion Design
1,1,1,0,0,1,1,1,0,1,1,1,1,1,0,1,1,1,0,1,1,1,1,0,1,1,1,0,Engineering Studies
1,1,1,0,0,1,1,1,1,1,0,1,1,1,1,1,1,1,1,1,1,1,0,0,1,1,1,1,Computer Sciences
1,1,1,1,1,1,1,0,1,1,1,1,1,1,1,1,1,0,1,1,1,1,1,1,1,1,1,1,Fashion Design
1,1,1,1,0,0,0,0,1,0,1,0,0,1,0,1,1,1,1,1,1,1,0,1,0,1,1,1,Fashion Design
0,0,1,0,0,0,0,0,0,0,0,0,1,0,0,1,0,1,0,0,0,0,1,0,0,0,1,0,Engineering Studies
1,1,0,1,1,1,1,0,1,1,1,1,0,1,1,1,1,1,1,1,1,1,0,1,0,1,0,1,Fashion Design
1,0,0,1,0,0,1,0,1,1,1,1,1,1,0,1,1,0,0,1,1,1,0,1,0,1,1,1,Computer Sciences
0,1,0,0,0,0,1,0,0,1,0,1,0,0,0,0,1,0,0,0,0,1,0,0,0,0,0,0,Computer Sciences
1,1,1,1,0,0,1,1,0,0,1,1,0,1,1,1,1,1,1,1,1,1,0,1,0,1,1,1,Computer Sciences
0,0,0,0,1,0,0,0,0,1,0,0,0,0,1,0,0,0,1,1,0,0,0,0,1,0,0,1,Media Studies
1,1,1,1,0,1,1,0,1,0,1,1,1,1,0,1,1,1,1,1,1,1,1,1,1,1,0,1,Business Studies
1,1,0,1,1,1,0,0,1,1,1,1,0,1,1,1,1,1,1,1,1,1,0,1,1,1,1,1,Media Studies
1,0,1,1,1,1,1,1,1,1,1,1,1,0,0,1,1,1,0,1,1,1,1,0,1,1,1,1,Business Studies
0,0,0,0,1,0,0,0,0,1,0,0,0,0,1,0,0,0,0,1,0,0,0,0,0,0,0,1,Media Studies
1,1,1,0,0,1,1,1,1,0,1,1,0,1,0,1,1,1,0,1,1,1,0,1,0,1,0,1,Business Studies
1,0,1,0,0,1,0,0,0,0,1,0,0,0,0,1,0,0,0,0,1,0,0,0,0,1,0,0,Business Studies
1,1,1,0,0,1,1,1,1,0,0,1,0,1,0,1,1,1,0,1,1,1,0,0,1,1,1,0,Computer Sciences
1,0,1,0,0,1,1,1,0,0,1,1,1,0,0,1,1,0,0,1,1,0,0,0,0,1,1,0,Business Studies
1,0,1,1,1,1,1,1,1,1,1,1,1,0,0,1,1,1,0,1,1,1,1,0,1,1,1,1,Engineering Studies
1,1,0,0,1,0,0,0,1,1,1,0,0,1,1,0,1,0,0,1,1,1,0,0,1,1,1,1,Media Studies
1,1,1,1,1,1,1,1,1,1,1,1,1,1,1,1,1,1,1,1,1,1,1,1,0,1,1,1,Computer Sciences
1,0,0,0,0,1,0,0,0,1,1,0,0,0,0,1,0,0,0,0,1,0,0,0,0,1,0,0,Business Studies
1,1,1,1,1,1,1,1,0,0,1,1,1,1,0,1,1,1,1,1,1,1,1,0,0,1,1,0,Engineering Studies
1,0,1,1,1,1,1,0,1,0,1,1,1,0,1,1,1,1,1,1,1,1,0,1,0,1,1,1,Business Studies
1,0,1,1,1,1,1,0,1,0,1,1,1,0,1,1,1,1,1,1,1,1,0,1,0,1,1,1,Computer Sciences
1,1,0,0,0,0,1,0,0,0,0,1,0,0,0,0,1,0,0,0,0,1,0,0,0,0,0,0,Computer Sciences
1,1,1,1,1,1,1,0,1,1,1,1,1,1,0,0,1,1,1,1,1,1,1,1,1,1,1,1,Fashion Design
1,1,1,1,0,0,1,0,1,0,1,1,0,1,0,0,1,1,1,1,1,1,0,1,0,1,0,1,Fashion Design
0,0,0,1,0,0,0,0,1,1,0,0,0,1,0,0,0,0,1,0,0,0,0,1,0,0,0,0,Fashion Design
1,1,1,0,0,0,1,0,0,0,1,1,0,0,0,1,1,1,0,1,1,1,0,0,0,1,1,1,Computer Sciences
1,1,1,0,0,1,1,1,0,0,1,1,1,1,0,1,1,1,0,1,1,1,1,0,0,1,1,1,Engineering Studies
1,1,0,1,1,1,1,1,0,1,1,1,1,0,1,1,1,1,0,1,0,1,0,1,0,1,1,1,Computer Sciences
1,0,1,1,1,1,1,0,1,0,1,1,1,0,1,1,1,1,1,1,1,1,1,1,0,1,1,1,Engineering Studies
1,1,1,1,0,1,1,0,1,1,1,1,0,1,0,1,1,1,0,1,1,1,0,0,0,1,1,0,Computer Sciences
1,0,1,0,0,1,1,1,0,0,1,1,1,0,1,1,1,1,0,1,1,0,1,0,0,1,1,1,Engineering Studies
1,0,1,0,0,0,1,1,0,0,0,1,1,0,0,0,1,0,0,1,0,1,0,0,0,0,1,0,Computer Sciences
1,1,1,1,0,1,1,1,1,0,1,1,1,1,0,1,1,1,0,0,1,1,1,1,0,1,1,1,Engineering Studies
1,0,1,0,1,1,1,0,1,1,1,1,0,0,1,1,1,1,0,1,1,1,0,0,1,1,1,1,Media Studies
1,1,1,1,0,1,1,1,1,0,1,1,1,1,0,1,1,1,0,0,1,1,0,1,0,1,1,1,Computer Sciences
1,1,1,1,1,1,1,1,0,1,1,1,1,0,1,1,1,1,1,1,1,1,1,0,1,1,1,1,Engineering Studies
1,1,1,0,1,0,1,1,1,1,1,0,1,1,0,1,1,1,1,1,1,1,1,0,0,0,1,1,Engineering Studies
0,0,0,0,1,1,0,0,0,1,0,0,0,0,1,0,0,0,0,1,0,0,0,0,1,0,0,1,Media Studies
0,1,0,0,1,0,0,0,0,1,0,1,0,0,1,0,1,1,1,1,1,0,0,1,1,1,0,1,Media Studies
1,0,1,1,0,0,1,0,1,0,0,1,1,1,0,0,1,0,1,1,0,0,0,1,0,0,1,0,Fashion Design
1,0,0,0,0,1,0,0,0,0,1,0,0,0,0,1,0,0,0,0,1,0,0,1,0,1,0,0,Business Studies
1,1,1,0,0,1,1,0,0,1,1,1,1,1,0,0,1,1,1,1,1,1,0,1,0,0,1,0,Computer Sciences
0,0,0,1,0,0,0,0,1,0,0,0,0,1,0,0,0,0,1,0,0,0,1,1,0,0,0,0,Fashion Design
0,0,0,1,1,0,0,0,1,0,0,0,0,1,0,0,0,0,1,0,0,0,0,1,0,0,0,0,Fashion Design
1,0,0,0,0,1,0,0,0,0,1,0,0,1,0,1,0,0,0,0,1,0,0,0,0,1,0,0,Business Studies
1,1,1,1,1,1,1,0,1,1,1,1,1,1,1,1,1,1,1,0,1,1,1,1,1,1,1,0,Fashion Design
1,1,1,0,1,1,1,1,1,1,1,1,1,0,1,1,1,1,0,1,1,1,1,1,0,1,1,1,Engineering Studies
1,0,0,0,1,1,1,0,1,1,1,1,1,1,1,1,1,1,1,1,1,1,1,1,1,1,1,1,Media Studies
1,1,1,0,1,1,1,1,1,1,1,0,1,1,0,1,1,1,1,1,1,1,1,0,0,1,1,1,Business Studies
0,1,0,0,0,0,1,0,0,0,0,1,0,0,0,0,1,0,0,0,0,1,0,0,0,0,1,0,Computer Sciences
0,0,1,0,0,0,0,0,0,0,0,0,1,0,0,0,0,1,0,0,0,0,0,0,0,0,1,0,Engineering Studies
1,1,1,0,1,1,1,0,1,1,0,1,1,1,1,1,0,1,1,1,1,0,0,0,1,1,1,1,Media Studies
1,1,1,0,0,0,1,1,1,0,1,1,1,1,0,0,1,1,0,1,1,1,1,1,0,1,1,1,Engineering Studies
1,1,1,1,0,1,1,0,1,1,0,1,1,1,1,1,0,1,1,1,1,0,0,1,1,1,1,1,Fashion Design
1,1,1,0,0,1,1,0,0,0,1,1,0,1,0,1,1,1,0,1,1,1,0,0,0,1,1,1,Computer Sciences
1,1,1,1,0,1,0,1,1,1,1,0,1,1,0,1,0,1,1,0,1,1,1,1,0,0,1,1,Engineering Studies
1,1,1,1,0,0,0,1,0,0,1,1,1,1,1,1,1,1,1,1,1,1,1,1,0,1,1,1,Engineering Studies
1,1,1,1,0,1,1,1,0,1,1,1,1,1,0,1,1,1,0,1,1,1,1,0,1,1,1,1,Engineering Studies
1,1,1,0,0,1,0,0,0,0,1,1,0,1,0,1,1,1,0,1,1,1,0,0,0,1,1,1,Business Studies
1,1,1,0,1,1,1,0,0,0,1,1,1,0,0,1,1,1,0,1,1,1,1,1,0,1,1,1,Business Studies
1,0,1,0,0,1,1,1,0,0,1,1,1,1,0,1,1,1,0,1,1,1,0,0,0,1,1,1,Computer Sciences
0,0,1,0,0,0,0,0,0,0,0,0,1,0,0,0,0,1,0,0,1,0,1,0,0,0,1,0,Engineering Studies
